6p1j9OP2IBdzR5tgtyJk10,Ken Carson,Nightcore,221,1
7sO5G9EABYOXQKNPNiE9NR,Offset,Ric Flair Drip (with Metro Boomin),243,1
5TRPicyLGbAF2LGBFbHGvO,Kanye West,Flashing Lights,40,1
5TRPicyLGbAF2LGBFbHGvO,Kanye West,Flashing Lights,38,1
5TRPicyLGbAF2LGBFbHGvO,Kanye West,Flashing Lights,223,1
5TRPicyLGbAF2LGBFbHGvO,Kanye West,Flashing Lights,46,1
5TRPicyLGbAF2LGBFbHGvO,Kanye West,Flashing Lights,66,1
41bmnQZoDMQdDh5zyomtW7,Lil Uzi Vert,Endless Fashion,117,1
41bmnQZoDMQdDh5zyomtW7,Lil Uzi Vert,Endless Fashion,248,1
41bmnQZoDMQdDh5zyomtW7,Lil Uzi Vert,Endless Fashion,219,1
41bmnQZoDMQdDh5zyomtW7,Lil Uzi Vert,Endless Fashion,82,1
41bmnQZoDMQdDh5zyomtW7,Lil Uzi Vert,Endless Fashion,66,1